Device Id,Vehicle No
869244042670095,J1161
868728039340143,I1299
869244044505273,J1437
869244044520025,J0449
869244044503831,I1960
869244044641573,J1040
869244044510653,I1907
869244042801955,I1698
869244042797492,I1350
869244044527582,J0968
868728039322182,J1123
869244044508624,J1208
869244042819502,I1615
869244044490799,J1392
869244042754642,J0036
869244042798961,K0323
869244044509168,J1216
869244042741409,J0180
868728039246449,J0816
869244044502916,K0245
869244044528697,J1891
868728039297913,J0026
868728039252165,I1464
869244042758981,J1065
869244042788673,I2050
869244042770887,J0957
868728039291296,J1995
869244044527533,J1258
869244042816243,J0211
869244044497703,K0246
869244044727224,I1445
869244042749626,J1940
869244042792626,J0874
868728039318669,J1889
869244044696924,J2090
869244042769301,I0735
869244044491490,J0761
869244044519639,I1614
869244044692881,J1557
869244044521015,J0532
868728039307282,J1408
869244044501637,J0677
869244044491797,J1898
358250330973222,TN38N3676
358250330564328,TN33N3471
869244042804710,J0864
869244044508848,J0115
869244044502817,J2008
869244044530313,J0177
869244044516437,J1787
868728039316226,J1095
868728039344194,J1044
869244044654758,J0721
869244042781603,J1066
868728039322190,J0157
869244044500886,J1349
868728039291320,J1541
868728039306839,I1624
869244044499402,I0921
869244044512451,J1954
868728039293953,J1360
869244042785349,J1222
868728039292930,J0783
868728039245581,J0924
869244044489874,J1904
869244042755813,K0067
869244042789580,J1301
868728039283855,J0195
869244044528507,J0465
869244042814271,I2975
869244044503914,J0630
869244044500753,I3347
868728039337230,J1845
869244044500696,J1385
869244042654818,J1881
868728039296394,I0772
868728039263303,I2061
869244044502502,J0082
869244044493314,I1081
869244044497539,I3314
869244044519936,J0948
869244042784292,J0980
869244044493421,I1091
868728039298200,J0207
868728039297657,J0390
868728039300550,J0065
869244044664146,J1383
868728039261851,J2073
869244044500688,I3346
869244044511446,J1377
868728039299489,J0275
869244044519134,J0861
869244044490724,I3397
869244042816607,J2020
868728039294126,I3311
869244044712127,J2111
869244044519811,J2077
868728039322166,K0110
869244044490252,J1851
869244044511735,J0336
869244044505943,J0289
869244044530602,I2960
869244042799258,J1694
869244044531204,J1880
868728039321986,J1083
868728039309775,J0012
868728039335440,J0901
869244044512196,J1616
869244044514333,J1514
868728039307167,J1676
869244042790828,J1921
868728039332819,I1650
868728039288904,I1152
869244042764765,J0618
869244042709166,I0515
869244042686497,I1453
868728039258477,J1125
868728039304024,I2959
869244044525305,J1201
869244044495566,J0388
868728039292328,J0708
869244042764401,J1905
868728039264624,J0090
868728039333544,I2948
868728039254526,J1978
868728039337818,J1502
869244044532970,J0802
869244044533267,J0151
869244044523524,I3367
868728039278574,J1688
869244044491110,J1967
869244044501348,J1100
358250330781641,J0032
869244044493520,J0221
869244044702367,J1704
869244044496754,J1398
869244044493348,J0114
869244042816201,J0204
868728039253650,J0755
869244044491292,J0983
869244044489734,J0136
868728039275976,J0687
869244042790208,J1628
869244044499691,J1447
868728039262693,J1976
869244044502999,J0523
868728039165052,J1071
868728039268146,J0845
868728039338501,I1001
869244044517567,J0371
868728039260473,J1086
869244042818512,J1579
868728039280877,I1349
868728039333122,I3379
869244044530305,J1265
868728039303778,I0975
868728039332876,J1848
869244044537169,J1266
869244044495350,I2955
869244044491425,J1187
869244044518920,J0499
868728039265613,I1622
869244044515926,J0785
869244042799563,I0538
869244044495574,I1117
868728039318701,J0535
869244044500316,K0047
869244044503799,J1192
869244044522948,J0503
869244042749725,J0837
869244044526329,J1126
869244044502668,J1560
868728039266942,I1458
864495034463874,J2052
868728039246530,J1830
868728039310278,J0057
869244044499584,J2002
869244044507154,J0701
868728039270563,J0242
868728039284796,J0458
869244044702375,J1770
868728039296485,J1660
869244044493447,J1459
869244044491748,I0903
869244044493967,J1833
869244044500522,J0014
358250330783266,J0876
869244044492647,J2088
868728039299562,J1879
869244044702482,J1841
869244042758973,J1436
868728039274383,J0414
869244042793137,J0958
869244044528234,I1601
869244042772537,K0324
868728039280679,J0982
869244044528598,I1945
869244044500902,I1067
869244044514200,J1790
869244044528929,J0053
869244044497679,J1284
869244044500514,I2909
869244044490112,J0112
869244044494866,I2956
868728039261661,J0846
869244044508103,J0715
869244044671604,K0322
869244042770994,J1329
869244044528648,I1950
869244044661225,J2049
869244044495624,J0935
869244044701518,J0162
868728039313025,J0987
869244044489700,I1113
868728039253668,J1281
869244044496309,J1293
869244044490187,I1346
869244044501553,J0533
869244042796106,J1069
869244044530131,J0003
868728039344483,I1621
869244042652929,K0091
869244044489460,I1050
869244044684268,J1973
869244044494387,J1556
868728039293573,I1416
869244044528564,J1138
869244044509044,I0968
869244044699696,J2110
869244044654824,J2019
869244044528432,I3369
869244044524498,J0019
869244044653347,J1730
869244042800924,J0423
869244042820997,J1739
869244042791057,J0866
868728039332314,J1868
869244042783302,I2935
869244044764250,J1736
869244044492837,J1169
869244044493819,I0536
868728039334906,J0854
868728039296428,K0084
869244044518649,J2062
869244042795728,J1952
869244044492217,K0307
869244042770762,J2011
869244044492142,I3348
868728039295545,J1691
869244044653305,J2098
869244044528499,J1570
868728039248205,J1068
869244044530891,I1035
869244044493561,J2012
869244044507915,J1373
869244044496028,J1237
869244042791511,J1842
869244042819551,J1666
869244044523516,J1430
868728039261687,J1936
869244044494932,J1893
868728039342586,I1963
869244044499394,J1715
868728039172322,J0217
869244044490674,I1972
869244044527202,I1454
868728039316465,J1054
869244044715997,K0120
869244044517062,I1957
869244044489312,J0763
868728039291882,J1754
869244044527319,I1442
869244044489593,I1951
868728039266561,I3375
869244044494965,J0034
868728039276891,K0243
869244044493207,I3389
868728039333031,J1109
869244044533630,J1171
869244044531295,K0287
868728039270712,J0146
869244042766844,I2931
869244044490336,J0446
869244044703043,J1703
868728039295412,J0974
869244044501942,I2953
869244044504060,J0285
869244044493165,J1475
869244042813174,I3000
868728039307894,J0918
869244044516015,J1438
868728039246589,I0909
868728039315046,J1117
869244042670814,J1160
869244042809024,J1902
869244042755961,J0251
869244042677454,I0905
868728039335275,J1562
869244044511792,J1539
869244044499493,J1190
869244042769152,J0358
869244044700965,J0068
869244042721591,J1057
869244044673162,J1737
869244044498578,J0478
868728039303901,J0853
869244044660201,J0821
869244042654115,J0780
868728039322430,K0234
869244044515710,K0104
869244044536054,J0851
868728039302648,J1932
868728039308751,J0155
868728039248270,K0081
869244044518839,I1325
869244042820898,I1125
868728039297392,J1319
868728039300790,I3382
868728039286726,J0844
869244044702706,J1920
869244044696130,J2108
868728039300030,J1207
869244044501439,I3364
869244042790661,K0340
869244044519704,I3313
869244042795579,I0992
869244044495905,I2952
869244044531220,J0187
868728039245003,I2912
869244042716526,J0071
869244044496911,J0024
869244044506370,K0326
868728039337529,J1769
869244044509119,J0771
869244044494155,J0223
869244044665291,J0719
868728039266926,K0300
869244042752505,J1461
358250330731638,K0073
869244044523904,J1309
869244042657167,J1732
869244044723652,J0933
869244044655268,J2101
869244044536831,I0712
868728039322372,J0435
869244044501173,J1209
869244044648503,J1953
869244044508988,J1213
869244042813711,J0496
869244044491961,I1608
869244044521379,J1462
869244042818462,J1014
869244044524803,J1626
869244044489882,I0782
868728039251225,K0317
869244044530974,I2922
869244044535338,J0692
869244044491201,J1813
868728039343683,J1371
869244044533234,J0583
868728039273633,J0418
868728039313116,K0112
869244044521908,J1457
869244044500308,J1798
869244042820096,J0890
869244044669293,J1942
869244044525354,J1254
869244042820534,J1565
869244042765069,J1760
869244044508202,J0716
869244044766073,J0076
869244044533853,J1104
869244044515009,J0269
868728039334682,K0239
868728039338238,J1056
868728039272957,I1392
869244044531253,I0796
869244044516916,J0860
869244044643835,J2076
869244044670408,J0466
869244044520066,J0613
869244042802375,J1867
868728039267726,J1206
869244044523474,J1673
869244044503229,J0597
869244042761324,J0908
869244044522021,J0550
869244044649139,J0247
869244044523813,J1263
868728039279184,J0092
869244042677892,J0809
868728039340325,J1828
869244044492159,J1852
869244044490765,J2094
869244044507063,J1397
869244044490377,J1114
869244044493017,J0317
868728039312894,I1342
868728039304966,J1831
869244042750848,J1728
868728039247504,J1280
869244044508111,J2071
869244042725337,J1145
869244044642373,J0173
869244044496986,J1716
868728039283699,J0956
868728039305948,J1389
869244044511917,J1773
869244042816268,J0244
869244044525560,K0298
869244044499360,J1722
869244044715450,J0537
868728039316473,K0071
869244044697849,J2047
868728039245383,J0883
868728039342453,J0249
869244044738940,J0100
868728039267478,I1678
869244044491136,J0915
869244042660385,I1066
869244044492423,J1287
868728039254062,I1006
868728039255259,J1172
868728039296683,J0339
869244044728057,J2054
869244044492373,I1452
869244044500381,J0581
868728039308611,J0201
868728039262164,J1305
869244044516775,K0250
869244044518995,I1653
869244044532699,K0309
869244042798995,J1538
869244044641474,J0262
868728039307464,J0988
869244044506180,J1681
869244042793624,J1048
869244042781330,I1958
869244042814180,K0273
869244042781769,J0584
869244044698730,J2106
869244042638290,I1140
869244042721997,I1130
869244044710386,J1623
869244044507030,J1741
869244044515231,J0576
869244044710188,J1325
869244044690562,J0341
869244042797450,K0018
869244044499709,J0386
869244044523631,J0588
869244042672380,J1225
869244044502841,J1968
869244044667073,J1302
868728039309551,I1381
868728039263576,I2946
869244042820880,I3352
869244044489171,I3395
869244042781645,J0579
869244044517542,J0370
869244044689937,J1651
869244042783716,J0738
869244044517625,J1204
868728039298267,J0102
869244042818264,J0967
869244044696148,I0511
869244044508681,J1243
869244044714446,J2056
869244044522245,J0695
869244044699001,J2112
869244044527228,J0284
869244044501108,J1994
869244042789531,I2070
869244042767008,J0621
869244044491243,K0005
869244044527079,I3370
869244042815989,J0243
868728039320202,J0300
869244044508657,J0441
868728039300196,I1104
869244044500159,J1531
868728039262503,I0757
868728039344400,I3333
869244044526774,S0005
868728039304917,I1176
869244044514218,I2904
869244044510323,J0642
868728039298853,J1695
868728039320491,J0818
869244044506735,J2081
868728039284721,J0415
869244042811798,I2995
869244042793145,J0573
869244042772420,K0042
868728039255861,J0475
869244044508350,J1257
869244044500183,K0129
869244042788996,J1264
868728039287039,J1115
868728039301806,J0916
869244044503203,J0571
869244044501686,J0768
868728039291353,J1747
868728039260325,I1164
869244044512634,I1983
869244044493124,J0645
868728039339269,J0093
868728039303349,J0060
869244044656969,J2092
869244044523789,I1942
869244044497505,J1680
869244044728479,I1406
868728039342677,J0064
868728039308967,J0793
869244044497059,J1777
869244044698789,J1969
868728039261844,I1618
869244044524506,I1314
869244044516833,K0261
869244042817209,J0425
869244042820575,J1657
868728039290058,J0311
868728039332348,J0857
868728039300089,J1582
869244044495699,J1041
869244044523532,J1839
869244044519779,J0384
868728039295677,I1652
358250330764183,J0556
868728039319188,J1043
869244042802722,J0899
869244044507006,J0822
869244044531105,J0188
869244044748188,J2096
869244042763825,J1838
869244042818389,J1248
868728039342974,J1826
869244044723694,J0332
869244042818454,J1334
869244042820526,J0779
869244042806160,J1299
869244044508558,J0520
869244044523011,J0722
868728039267734,J0671
868728039308645,I1190
869244044490070,J2099
869244042797997,K0087
869244044501298,I3336
869244042741847,I1158
868728039295024,J1407
869244044640369,I0779
869244042633200,K0002
868728039299711,J2091
868728039274011,J1511
868728039343238,J0795
868728039261992,J0015
869244044683807,I1692
869244042785901,J1713
868728039342685,K0126
869244044506768,I1449
869244044503294,J0241
869244044490583,J2034
868728039294688,I2996
868728039297004,K0057
868728039337974,J1937
869244044492084,J1755
869244044503278,I2901
868728039304933,I1917
868728039296378,J1273
869244042764229,K0310
869244042791321,J0480
869244044508921,J1212
869244044493868,J0468
869244042750780,K0295
869244044538589,J0073
869244044516718,J1246
869244044731168,J1763
868728039249633,I1609
868728039278590,J0097
869244044648412,J1960
868728039312621,J0070
869244042790943,J1767
869244044524977,J1685
868728039286577,I1045
869244042720650,J1964
868728039315277,J0305
868728039249328,J1181
868728039268336,I0952
869244044531501,J1914
869244042820112,J1980
868728039248387,J1272
868728039339426,J0865
869244042764666,K0070
869244044500399,I3335
869244044692675,J1962
869244044492324,J1345
869244044494510,K0320
868728039165128,J0382
868728039334419,I2994
869244044494734,J0614
869244042638233,I3315
869244044525735,J0353
869244044494171,J0397
869244044527632,K0017
868728039261950,J2086
868728039322216,K0253
868728039323644,J0193
358250330771758,J0489
869244044526907,J1241
869244042800304,J0796
869244044509838,J1308
868728039332173,J0655
869244042650477,K0092
869244044499592,I0709
869244042782692,I1043
869244044496838,J0859
868728039310286,J0326
869244044702649,J2045
868728039297046,J0306
869244042706717,J1424
868728039338972,J0391
869244044511354,K0090
869244044518789,J2084
869244044501033,J1815
869244044492134,K0014
869244042819163,J1662
869244042771745,J1990
868728039320038,I2902
868728039335598,I1155
358250330719401,J0519
869244044536427,J1555
869244044497869,I3392
868728039296444,J1306
869244044515223,J1653
869244044528473,I1908
868728039252645,J2069
868728039343568,J1534
869244042782015,K0106
869244044517534,J0369
868728039280174,J0460
869244044514176,J0938
869244044492985,K0256
868728039305484,J1418
868728039298804,J0335
869244044530479,J1361
869244044501462,J0038
869244044512063,J1536
868728039295552,J1561
869244044496002,J1955
869244044489965,J1800
869244042789689,J1355
869244042663504,J0008
869244044656548,J0028
868728039340226,I1420
869244044496267,J1262
869244044536997,J1575
868728039336976,I1912
869244044511420,J1368
868728039318156,J0772
868728039291684,I3312
869244044698052,J2021
869244044516619,J1001
869244044509093,J1332
869244044526519,J1762
869244044671893,J0132
869244044535270,J1481
868728039299802,J0808
868728039338055,I1154
868728039343329,I3373
869244044523508,J0744
868728039251324,K0338
869244044491474,J1179
869244044515611,J1512
869244044768509,J0971
868728039292500,I1352
869244044514259,K0308
869244044492506,I2977
869244044518524,K0053
869244044512915,L1621
869244044494320,I1118
869244044490732,I1980
869244044647828,J1895
869244044492043,J2007
869244042813257,I3324
869244042764633,J1158
869244044491359,I2917
869244042819528,J1665
869244044689234,J1806
869244044494080,J0931
869244042809636,I1967
869244044757569,J1970
869244044500464,J0592
869244044496614,J0926
869244044497133,J2105
869244044490633,J0293
868728039342628,J1067
869244044501520,J0362
869244042752315,J1144
868728039310245,J1110
868728039282139,J1203
868728039247694,K0085
869244044530297,J1982
869244044535668,J1574
869244044520298,J0453
869244044506461,J1189
869244044500639,J1386
869244044531238,J0189
869244044738957,J2097
358250330773135,J0407
869244042818504,J1578
868728039282386,J0427
869244044526782,J0676
868728039342198,J1876
869244044511495,J1382
868728039303380,J1252
869244042750046,K0105
869244044492951,K0023
869244044512592,J1837
869244044697799,K0304
869244044496093,J1106
869244044494254,J0307
869244042763759,J1239
869244044532053,J1031
868728039318131,J0984
868728039276883,J1021
869244044740599,J0815
869244042792469,I2966
869244042785828,J1226
868728039342255,J0925
868728039341893,J1482
869244042801765,I1292
868728039292567,I1007
869244044512568,J0081
869244042798474,J1391
869244044508129,J0951
869244044528457,J1679
869244042670608,I1435
869244044489585,I1312
868728039314866,J1523
868728039341885,J2028
869244044534687,J0727
868728039321408,K0249
868728039311029,J0962
869244042818181,J0272
869244042751747,K0292
869244044490344,I1626
868728039323172,J1357
868728039167058,J0923
868728039341752,I0970
869244044496317,J1878
869244044716839,J0604
869244044530958,I1186
869244042766562,K0062
869244044503310,J1818
869244044528465,J0599
868728039318313,J0209
869244042637524,K0050
869244044513053,I1474
869244042820849,J0473
358250330748079,J0301
868728039320293,J1317
868728039319931,J0021
869244044525883,J1929
869244044692717,I0775
869244044667685,J2013
869244044491383,J1941
868728039248361,J0403
869244044526832,I1638
358250330773150,J0330
869244044703373,J1696
869244044512543,J0047
869244044499725,I0996
869244044492290,J1364
868728039249641,I1913
868728039297962,I1684
869244042771737,I1651
869244044492605,J0886
869244044521577,J1191
869244044503484,J0976
868728039320756,J0420
869244044729311,J2000
868728039306797,J1503
869244044512527,J1619
869244044535841,K0086
358250330726364,J0878
869244044508889,J1492
869244044531634,J1444
869244044509598,J0554
869244044644148,J0055
869244044518953,J1439
868728039324105,K0271
869244042817233,J0431
869244044664427,I0504
869244044498610,J0025
869244044528218,J0733
869244044509978,J1340
868728039277212,J1405
868728039298838,J0811
869244044528176,J1810
869244042793194,J0364
869244042806475,J1454
868728039285595,I1134
869244042745483,K0314
869244042817530,K0078
869244044530222,J1783
869244044502890,J1327
869244044489569,I1310
869244044506396,J1150
868728039339046,I2039
869244044491219,J1576
869244042797518,K0269
868728039292146,J0740
869244042813364,I3339
868728039341224,J1090
869244044509275,J1827
868728039245185,I1461
869244044512535,J0628
868728039339616,J0798
869244044530578,K0327
869244044493272,J0295
869244042817712,J2060
869244044520975,J0978
868728039244956,K0255
869244042639447,I1465
868728039322539,J1729
868728039304891,J1002
868728039315079,J1093
869244044489346,K0282
869244044506800,J2003
869244044512212,J1617
868728039304545,J0932
868728039321101,J0045
868728039318875,J0022
869244044509051,K0076
869244044503153,J1343
868728039271819,J0419
868728039335853,I1926
869244042793236,I0706
869244042756050,J0830
869244044496010,J1236
869244044501421,I3363
869244044768897,J1118
869244042764153,J2035
869244044495764,J1238
868728039322695,J0049
869244044656431,J1426
869244042672570,J0502
869244042774251,I1022
869244044508095,J1450
869244042719132,J0879
868728039308603,J0405
869244044498495,J0041
869244044506230,K0048
869244044516650,J2061
869244044496242,J1195
869244044502338,J0479
869244044520520,J1247
868728039245995,J1865
869244042797526,I1432
868728039276594,I0602
869244042790133,J1563
868728039311482,J0894
868728039300477,J1934
869244044516668,J1292
869244044513624,K0268
869244044525263,J0939
868728039279564,J0248
869244044527764,J0005
869244044492894,I0759
868728039266637,J1037
869244044699241,J1558
869244042621494,J0700
869244044513749,J1020
868728039321820,I2071
869244042785885,J1376
868728039280398,I0795
869244044509549,J1098
869244044670457,J1718
869244044523557,J1136
869244044508285,J0720
869244042753479,J1296
869244044643249,J1464
869244042816003,J0095
358250330675744,J2016
869244044491375,J0484
869244044493991,I0767
869244044531543,J0973
869244044694275,J0759
869244044493892,J1388
869244044501488,K0026
869244044514267,J1460
868728039299869,K0319
869244044535106,J0240
869244044519753,J0383
869244042766943,J1795
868728039321028,J0020
868728039338154,I1393
868728039298382,J0393
869244042736094,K0313
868728039259608,J1585
869244044501405,K0032
869244044671406,J0063
869244042795967,J1874
869244042798748,J0943
869244044494361,J1911
868728039319824,J0603
868728039305229,J0011
869244042781348,J0541
869244044525271,J0522
869244044531345,J0784
868728039300444,K0034
869244044490534,K0270
869244044501355,J0820
869244042804603,K0124
869244044501868,J0833
869244044656787,J0698
869244042724678,J0817
868728039300493,J1814
869244044503732,J0831
868728039297608,K0061
869244044528275,I3319
869244044493009,J1143
868728039309882,I2949
869244044694200,J0264
869244044488991,J1131
869244042630974,I2066
868728039278152,I3371
868728039301103,J1358
869244042797500,J0600
869244044490666,I2908
868728039341422,J0123
869244044530909,J0994
869244044518540,J0669
869244042797575,I1434
869244044501470,J0351
869244044496937,J1873
868728039320137,J1163
869244044531360,J1242
869244042794572,J0139
869244042798193,I1192
869244042779300,J0762
869244042796122,I1191
869244042795587,I0994
869244042792980,J1162
868728039305963,J0140
869244042787329,I2054
869244044504417,J1500
868728039284580,I1326
868728039290637,I1368
868728039303216,J0981
869244044525891,K0036
869244044510455,J0723
869244044496895,J0712
868728039273047,K0020
868728039339988,J1260
868728039297699,J2080
868728039335846,J1448
869244044534042,J1419
869244044491458,K0012
868728039342768,J0218
868728039338360,I2950
869244044510075,J1672
869244044501694,K0041
869244044510463,J1322
869244044654832,K0049
869244044520546,J0455
869244044735201,J2114
869244044489841,J0457
869244044492787,J0565
869244042813729,I3368
868728039333692,J1116
869244042770747,J0714
869244042782585,J0593
868728039282469,I2921
869244044492977,K0275
868728039318271,I1990
869244044496648,J1908
868728039263337,J2095
869244044489429,I1966
869244044531063,J0506
868728039283830,K0031
869244044508525,J1872
868728039308785,I1020
869244044666554,I0951
869244044522831,J0167
869244042728042,J1977
869244044514762,J0367
869244044492068,J0058
869244042640023,J1832
868728039324493,J0767
869244044492589,I2927
868728039302879,C0800
869244044667834,I2053
869244044519795,J0947
869244044646192,K0015
869244044518979,J0381
868728039250078,I0998
869244044516874,J1029
869244042799886,J1996
869244044526899,J1128
868728039309619,J1000
869244042793012,I0934
869244042784110,K0068
869244044493504,J0183
869244044496572,J0174
869244042763908,I1694
868728039337776,J0233
868728039310955,J0598
869244044649527,I0784
868728039295198,I3345
868728039263279,J1664
869244044525214,K0266
869244044497968,J0400
868728039341604,J1026
869244044490047,J1509
869244044528580,I1069
869244042793038,J0869
869244044499576,J0271
869244044516346,J0094
869244044500449,I1605
869244042750038,K0283
869244042773113,K0257
869244044659146,J1709
869244042750897,J1249
869244044492522,J0810
869244044507618,J1812
869244044494569,J0348
868728039266983,K0297
869244044506669,I1328
869244044527707,J0117
869244044506677,J1188
868728039309767,J1183
869244044502379,K0098
869244044689820,K0262
869244044643900,K0339
869244042741797,I1636
869244042752554,K0056
869244044519324,J0545
868728039317737,K0260
869244044528937,J1757
869244044496556,J1477
869244044498537,J0048
868728039343998,J1548
869244042816276,J0245
868728039275174,J0023
869244044523599,I1109
869244044662793,J1971
869244044493843,I3391
869244044507972,J0713
869244044516163,J0263
869244044697971,J1884
868728039275323,J0018
868728039338659,J0410
869244044500241,J1860
868728039343642,I1939
868728039313231,J0920
869244044681413,J1951
869244044500191,J0849
869244042771042,K0128
868728039291965,J1758
869244044492456,I2923
869244044502650,I1691
868728039315095,K0240
869244042640478,J0922
869244044693301,J1363
869244044503468,J1816
868728039301038,K0118
868728039320517,J0043
869244042741540,I1361
869244042784185,J0035
869244042809941,I1337
869244042813521,I3340
869244042818488,J1346
869244042656797,I0732
869244044492241,I2907
868728039282105,J0376
868728039293052,I1073
869244042800817,J1991
869244044530289,J0054
869244044703431,I0723
868728039318461,J1825
869244044701997,J2044
868728039340135,J1372
869244044531352,J0286
869244044527640,J1957
869244044512485,J1568
869244044501603,J0190
868728039291502,I1277
869244042677629,I1360
868728039263089,J0304
869244044509713,I2962
869244044516759,J1259
869244042629364,I1379
868728039334930,J0256
869244044489007,I1400
869244044519340,I1906
869244044507089,J0635
869244042679302,J0197
869244042766596,I1178
869244044530180,J2074
869244044697807,J1625
868728039337479,J0103
868728039301020,J1916
869244044509325,J1099
869244042813695,I3357
868728039338303,J1721
869244044519969,J0996
868728039341273,J0059
869244044489296,I1919
868728039248916,J1410
869244044489924,J0257
869244044489288,J0674
869244042725626,I3386
869244042781785,J0585
358250330678862,I2903
869244044494197,J0777
869244042782460,J1928
869244044497570,K0025
868728039337453,J1877
869244044699514,K0054
868728039343634,J0237
869244044525693,K0336
869244044490443,I1323
869244044519233,J1165
869244044500340,I3330
869244044517039,J1304
869244042819411,J0227
869244044511636,I3355
869244044715054,J1974
869244044502213,K0284
869244044527988,K0242
868728039263568,J1750
868728039315285,I2947
869244042820906,I1682
869244042752729,J0954
868728039298226,J0788
869244044507055,J1535
868728039167017,J1710
869244044697740,I1128
358250330777565,I0913
869244044492720,J0826
868728039340986,J1983
869244042782932,J0595
869244044500910,J0168
869244042800072,J0807
869244042816219,J0205
868728039266819,J2063
869244044739195,J0106
868728039261679,J0399
868728039337347,J0194
868728039297897,J1901
869244042763296,J0485
868728039342495,I3334
868728039340317,J0161
869244044530008,J0232
868728039343311,J1404
868728039269672,J0747
869244044523466,J1173
869244044512352,J0228
869244042659007,J1753
868728039315061,J0246
868728039302952,I1676
868728039263980,I0510
869244044681314,I1354
868728039251514,K0285
869244044500837,J1663
358250330773655,I3354
869244044493512,J1584
869244042813182,J0368
869244044512717,J0314
868728039267445,K0055
869244042792881,K0111
869244044521569,J2089
869244044500498,I2998
869244044727190,I1145
869244044529778,J1756
869244044501587,J1939
869244042809826,K0022
869244044526931,J1231
869244044530339,I1413
869244044521619,I2905
868728039270308,J0726
869244042783633,J0736
869244044663734,I1040
869244044489239,I2958
869244044490419,I1362
868728039314742,J0443
869244042789572,J1300
868728039317752,J1793
869244044492936,J0327
869244042788087,J1112
868728039278921,I1920
869244042757777,K0311
868728039278111,J2066
868728039294191,J0804
868728039268476,K0075
869244044652034,I3320
868728039285678,J0451
869244044500894,J1094
869244042813091,I2999
868728039329815,J1705
868728039247041,J0142
868728039341562,J1253
869244044491334,J1569
868728039300071,J0917
869244042713481,J0547
868728039341844,J0030
869244042788350,I1961
869244044521585,J0928
869244044531303,K0281
868728039245342,J1338
869244044490138,J1113
869244042783260,J2055
868728039271660,J0110
868728039320087,K0296
869244044534869,J0941
869244044508780,J0396
868728039292765,J1091
868728039262461,J1468
869244044493199,J2082
869244044534158,J1466
868728039338469,K0079
869244042791370,K0059
869244044492183,J1553
869244044495087,J1387
358250330740993,I2992
869244044528747,I1173
868728039262024,J1551
868728039336737,K0288
868728039317109,J0770
868728039255994,J0153
869244042799498,J1384
868728039313355,J1843
868728039254807,I1011
869244042774913,J0863
869244044523839,K0264
869244042813299,J1719
868728039167629,J1708
869244044530248,I1147
868728039313124,I0740
868728039338782,I1078
868728039344087,K0233
868728039331985,J1318
868728039324097,K0286
869244044501512,J1919
868728039275067,J0803
868728039297384,J1458
868728039315012,J1472
868728039319923,I0938
868728039247405,I1910
868728039307142,J0652
869244044512071,J0633
869244044504755,J0310
869244044531006,J1487
869244044489072,J1465
869244044511776,J1312
869244046905943,K0069
868728039291999,I3332
868728039291312,J0160
868728039312993,J2009
869244044489510,J0705
868728039341950,I1103
868728039340663,J1147
869244042745186,K0237
869244044495616,J0921
869244044519878,I1319
869244044531014,I2930
868728039295503,I1280
869244042753487,J1339
869244044492753,J1613
868728039289597,J0219
868728039295255,J1288
869244044496820,J1369
868728039300832,K0064
869244042790141,J1627
869244042785315,J1223
869244042809974,J1840
869244044516676,J1267
868728039333254,J0852
869244044701898,J1774
869244042735492,J0752
869244044489825,I2928
869244044489767,J1554
869244044640856,J2004
869244044514374,J0259
869244044503179,J0569
869244044503336,J0634
869244042789606,K0088
869244044518557,J0379
868728039312886,J1406
868728039296493,J1643
869244044509143,J0787
869244044489114,I1697
869244042798730,I0936
869244044526162,I2056
869244044509705,J1283
869244044535205,J1480
869244044489866,J1963
869244044764276,J1733
869244042785323,J1221
869244042797377,J0855
868728039279036,J1006
869244044490542,J1352
869244042818496,J0877
869244042810519,J0125
869244044528663,J1484
869244044494577,I1953
869244042789507,J1331
869244044696676,J0445
868728039289928,J1483
869244044490229,J0042
869244044493058,J1271
868728039305674,J0896
869244044495608,J1743
868728039322554,K0096
869244044518912,J0380
869244044667081,J1092
868728039286718,I1139
869244044493389,K0236
868728039330508,I1002
868728039253775,J1634
868728039278400,I1633
868728039295453,I1623
868728039289290,J0778
869244044513020,J0888
868728039317810,J0742
868728039317786,J0430
869244044492340,J1501
869244044506792,J1870
869244044499170,J0387
869244042816128,J0096
869244044501132,J0268
869244044491268,J1780
869244044507634,J1712
869244042793178,I1696
868728039316697,J1374
868728039322638,J0748
869244044710170,I1430
869244042774483,I1984
868728039265563,J1583
868728039317885,J1931
868728039311763,J0835
869244042800015,J1270
869244044521718,J1042
869244042734883,I1658
869244042800262,J0203
869244042795181,J0543
869244044497901,I1995
869244044508236,J0717
868728039341091,I1348
869244044489783,J1046
869244042625925,J0567
869244044530560,J0882
869244044654683,J0656
868728039334971,I1902
868728039313876,K0231
868728039290959,J0790
869244044528358,J0303
869244044528630,K0302
869244044489304,J0505
869244044504938,K0259
869244042694442,J0514
869244044495848,J0116
869244044532558,J1791
869244044530321,J1478
869244044525057,J2026
868728039329328,J0557
869244044513269,J0977
869244044494031,J1220
869244044491250,I1944
869244044528689,K0093
869244044493454,J0643
869244044506495,J1456
869244044491870,J0010
869244044530057,J0490
869244042677686,J1105
869244044492381,I1448
869244044717258,K0312
869244042782379,J0587
869244042819825,J1668
869244044527327,J0631
868728039284671,K0051
868728039250862,J0412
869244044517864,J1005
868728039340333,J1890
869244042782569,K0052
869244044502858,J0509
869244044490302,J1508
869244042773386,J0814
869244042667216,I1680
869244044499501,J0145
869244044495657,J1765
868728039299935,K0306
868728039323693,J1070
869244044500829,I2954
869244044534729,J1401
868728039308017,J0663
868728039305971,K0040
869244044490864,J1723
869244044528283,J1297
868728039278715,J0413
868728039344756,I0773
868728039306706,J1847
868728039265498,J1844
869244042787576,J1107
868728039318339,J0725
868728039321127,I0747
869244044530032,I2906
869244044506875,J1566
869244044498529,J1997
869244044492308,J0686
869244044520496,J1149
869244044492100,I1324
869244044503542,J0280
868728039338956,J0617
869244044494411,J0322
868728039324188,I2976
869244044695066,K0043
868728039255135,J0999
869244044511412,J1476
869244044502148,J0069
869244042670921,I1126
869244044528390,J1129
869244042800759,J1443
868728039339798,I2963
869244042792634,J0560
869244042756795,J1378
869244044694689,J1927
869244044507394,J0062
869244044510661,J0052
869244042790901,J1609
868728039283962,I1625
868728039319071,J1707
869244044516379,J1375
869244044533119,K0030
868728039256141,J0171
869244044509028,J1214
868728039305518,I3383
869244044531121,J0636
869244044527699,I2063
868728039314882,J0442
869244044531212,J0185
869244044501876,J0029
869244044510216,I1903
869244042797427,J0769
869244042793988,K0065
869244044498966,J1497
868728039289589,J0970
868728039341596,J1834
869244044536732,J1772
868728039338527,J0037
869244042632285,J1821
869244044501314,J0349
868728039245565,J1899
868728039254831,J0602
868728039341547,I3377
868728039283608,J0607
869244042772529,K0115
869244044492092,J1245
868728039246233,J1545
869244044525040,J1170
869244044495673,J0963
869244042792733,J0483
869244042771299,J0495
869244042745442,J1846
868728039310179,J0789
868728039338485,J0324
869244044530669,J2068
868728039318347,I3359
869244044492738,J1184
868728039296865,J0903
869244044508343,J1778
868728039282915,J1081
869244042657068,J1294
869244042729560,K0290
868728039265548,J0561
869244044490450,I1604
869244044512345,J1618
869244044702532,J0164
868728039273872,J0672
869244044529497,K0114
869244044509622,J0741
869244044656753,J1925
869244044531329,J0639
868728039329005,I1469
868728039309734,J1180
868728039343576,J0646
868728039318370,J0904
869244044517799,J1655
869244044493215,I1086
869244044499519,J1857
869244042766570,I0720
868728039337164,J0056
868728039253718,K0045
869244042794069,I1357
869244042784821,J1219
869244042734511,J1886
869244044501645,J0039
869244042785356,J1228
869244044526956,J1797
868728039257602,J1200
868728039259327,I1456
869244044503039,J0551
869244044505901,J0080
869244044510307,J1342
868728039309510,J1799
869244044489320,I1949
869244044643793,J1111
869244042799969,I1431
869244042813216,J2046
868728039303984,J0580
869244044491953,J1453
869244044499204,J1856
869244042744676,J1268
868728039273930,J0648
868728039248759,J0169
869244044526378,J1298
869244044489403,J1390
869244044535080,J1513
868728039334484,J1353
868728039266850,J1167
868728039309726,J1085
868728039336406,J1409
869244042715403,J1176
869244042804850,I1114
869244044517724,J1766
869244044508541,J1178
869244044494700,K0089
868728039317315,K0330
869244044505810,I2911
869244042781587,K0328
868728039333072,J0836
869244044697872,J0199
868728039269367,J0776
869244044667792,I1455
868728039338964,I1674
868728039344681,J1324
869244044502676,K0293
869244044535320,J1504
869244044641409,J0013
869244042720361,J0875
869244044493900,J1506
358250330634212,K0004
869244044491102,J2067
869244042818231,J0944
869244044514051,J0340
869244044525149,J1630
869244044641185,J1948
868728039266140,I1688
868728039265480,J1549
869244044664922,K0272
868728039335648,J1008
868728039266363,J0258
868728039302887,I1316
868728039300188,J0620
869244044516395,J0357
869244044510588,K0109
869244042741821,J1861
358250330727131,J0501
868728039338626,J0929
869244044530040,J1792
869244042759963,J0693
869244044523995,I1677
869244044526253,J1727
869244042768618,J0454
869244044489155,J0472
869244044490591,J1348
869244044507881,J1517
869244044493231,J0296
869244044512857,J0632
869244042719470,I1014
868728039284127,J1998
869244042745012,K0303
868728039320251,J0346
869244044500621,J1274
358250330719260,J0575
868728039292666,K0010
868728039279739,J1004
869244044493470,J0182
869244044492274,J1499
869244042717995,J0749
868728039333676,K0276
869244044502734,J0083
869244044529836,J1433
868728039245045,J0892
869244044501728,J0559
868728039256711,K0315
869244044508434,J0754
869244044523565,J1779
868728039343212,I1644
869244044489148,I0927
869244042797443,K0274
869244042772230,J1449
869244044503104,J0213
868728039333015,J0206
869244044519894,J0448
868728039305500,I1640
868728039324048,J1764
868728039309023,J0517
868728039308553,I1321
869244042818371,J1174
869244044766362,J2100
868728039335358,J1669
868728039341745,J1702
869244044489643,J1103
868728039289035,I3380
869244044490609,I1905
869244042770986,I1470
868728039318230,K0235
868728039320012,K0263
869244044513236,J1683
869244044491524,J0513
869244042773345,I1149
869244042790877,J1930
868728039250607,J1979
868728039263048,K0037
869244042764799,J0464
869244044505398,J2102
869244044495137,K0100
869244044525016,J1882
868728039336398,K0258
869244044505349,I0776
868728039257719,J1009
869244044535890,J1975
868728039304925,J1491
869244044518987,J1286
869244044529919,J1435
868728039253932,K0251
869244042785059,J0126
869244044493942,J0942
869244044501678,J1956
869244042712376,I1064
869244042763783,J1652
868728039318198,K0113
869244044530859,K0072
869244044692923,J0316
869244044523920,J1518
869244044500605,J1803
868728039291734,I2034
869244042757835,J1836
869244044511537,J0624
869244044534125,J1420
869244044692816,J1992
868728039300667,J1182
869244042813778,I3394
869244044531410,J1362
869244044524316,J1240
868728039343857,J1935
868728039302606,J1119
869244044503252,I1322
868728039315657,J0995
869244042696256,J0261
869244042764997,K0252
869244044496382,J1028
869244044526972,J1463
869244044537433,J0516
869244044494270,J0308
869244044494379,I1941
868728039299372,J1134
869244044500415,J1350
868728039305781,J1027
358250330776989,J0338
869244044533861,J1120
869244042818157,I2978
869244044513103,J0104
868728039255960,J1794
869244044511198,J1469
869244044691792,J1966
869244042781488,J1782
869244044522864,J0447
869244044529869,J1434
869244044662280,J0553
869244044493330,I2027
868728039308777,J1096
869244042810501,J0612
869244044491284,J0706
869244044500738,J0658
869244042766646,I0744
869244044501330,J1862
869244044506016,J0089
869244044499550,J0411
868728039322109,J0143
869244044497000,J1367
868728039316713,J1510
868728039333759,J1251
869244044520041,J0450
869244044508160,J1130
869244044492514,J1858
869244042802268,I1302
868728039339814,J1817
869244042791065,J1724
869244044512147,J1615
868728039308512,I2980
868728039288870,I1462
869244044496283,K0024
868728039338063,J1686
869244044502007,J0474
869244044518714,J1505
868728039302697,J0401
869244044531519,J1010
868728039321150,I2939
869244042773105,K0027
868728039294852,K0060
869244044496374,J1432
869244044508517,J0756
868728039294159,J1022
869244044507758,I2961
868728039239972,I2942
869244042772560,J0975
869244042816136,J0108
868728039292757,J1917
869244044502643,J0461
868728039259160,J1720
869244044496325,J1295
869244044510315,K0077
869244042799639,J1494
868728039281602,I1683
869244044491862,J0344
868728039302838,J0960
869244044525180,J1926
868728039309874,J0578
869244044517476,J1413
869244044522997,J0562
869244044499618,J1972
868728039298176,J1244
868728039244519,K0321
869244042814172,J0033
869244044508533,J0757
868728039302481,J1474
868728039342727,J0679
868728039344319,I1955
869244044492886,J0675
869244044690711,J1127
868728039323214,J0895
868728039296220,J0794
868728039340374,I3325
869244044491771,J0685
869244044499238,J1714
869244044507246,J0710
869244044490849,J2040
869244044525800,J0507
869244042793814,J0031
869244044496200,J1571
869244044511594,J1543
868728039300402,J0699
869244044516478,J0361
869244044514192,J0697
869244044518326,J0255
868728039316119,J1393
869244044497372,J1567
869244044533333,J1897
868728039260069,J1038
869244044492639,J1250
869244044535833,J1524
868728039336075,I3387
869244042813208,I3318
869244044491417,J1489
358250330719765,J0525
869244044531170,J2048
869244042763221,J1537
869244042791362,J0907
868728039315426,J0027
869244044508673,J1210
869244044495723,J1140
869244044498594,J1859
869244044520678,J0456
868728039334161,J2038
869244044503286,J1802
869244044493645,J0186
869244044537938,J1658
868728039265647,I0716
869244044646739,J2107
869244044516361,J0239
869244044496234,J0659
869244044520686,J0515
868728039301343,I1033
869244044518292,J0374
869244044493579,J1559
869244044531311,J1701
869244044533259,J0212
869244044517526,J1622
869244042808299,J0375
869244044489163,J0352
869244042749519,J1012
869244042771018,J0493
869244044525727,J0210
869244042816664,J1429
869244044531154,J0508
869244044512972,J0665
869244042784177,J0745
869244044494916,I3356
869244042757785,J1230
868728039331944,J0406
869244044498164,J0731
869244042813687,I0997
869244044489189,I2973
868728039302010,J1303
869244044529638,J1314
868728039340309,J1446
869244044522757,J1141
869244044489817,J0992
869244044514325,J1697
868728039323156,J1403
869244044490773,I2042
869244044508079,I3316
868728039336364,J2029
868728039342222,I1616
869244044509176,J1217
869244044524753,J1624
868728039305120,J0856
868728039279432,J1674
868728039270852,K0289
869244044490468,I1383
869244044489676,J1910
868728039303158,J1336
869244042813612,J0231
868728039319022,J0421
869244042784425,K0003
869244042789317,J1330
869244044489437,J1493
869244044518367,K0044
869244044493108,I1666
358250330734483,J1321
869244044506834,J0848
869244042820088,J0486
869244042660914,J1961
869244042800569,J0510
868728039314825,K0232
868728039318354,J0226
869244044524761,J1786
869244042790646,J0898
868728039289159,I1120
868728039243453,J0091
868728039344434,J0953
869244044512741,J1912
869244044495152,L1700
869244044521593,J0823
868728039335119,J1550
869244042803001,J0497
869244044537136,K0280
869244044531535,J0959
869244042720981,J0392
869244042813703,I3358
869244044493363,J0438
869244044518276,J0373
869244042818272,J0504
869244044508178,K0277
869244042789655,J1344
869244044509234,J1132
869244044520371,J0998
869244044518284,I1914
869244044492266,J0135
869244044536849,J1678
869244044511941,J0906
868728039173940,I3396
869244044698714,J2043
868728039309080,J1133
868728039296626,J0437
869244044531246,J0191
869244044511214,I0792
869244042679096,I1075
869244042820864,J0586
869244042678999,J2024
869244044646226,J0750
869244044522922,J0647
869244044505919,J0657
869244044531444,J0843
868728039300931,I1338
869244044531618,J1055
869244044501652,J0404
869244044508475,J1547
869244042820567,J0979
869244044529083,J1313
869244044500126,I1055
869244042625834,S0006
869244044523045,J0986
869244044648461,I1111
869244044493769,J0819
869244044506776,J0342
869244042713655,I0721
868728039280745,J0216
869244042818728,J1581
869244044493249,C0801
869244044525750,J0664
869244044530206,J0812
869244044731499,J0572
869244044528374,J0004
869244044722969,J0897
869244044525131,I2910
868728039293284,J0582
869244044531030,I2944
869244042798318,I1611
869244044511529,J1496
358250330735159,J0111
868728039321887,J0250
869244044503237,I0730
869244042802847,I0935
869244042817936,J0654
869244042816144,J0334
869244042675748,I1042
868728039262446,K0127
869244044490948,J0088
869244042661573,J0347
869244044714610,J0870
869244042797245,I2925
869244044512758,J1019
869244044499626,J0214
869244044531139,J1333
868728039292906,J0492
869244042791073,J0891
869244044490021,J0574
868728039301236,J0086
869244044526485,I1646
869244044500704,J1698
869244044491847,J0649
869244044531451,J1824
869244044497174,I3376
869244042752265,I2000
869244044499667,J1644
358250330780163,I1965
869244044513046,J1682
869244044500852,J1950
358250330647909,J0668
869244042781736,J1781
869244044503328,J0548
869244044507691,J0555
869244042741169,K0291
868728039310013,J2033
869244044491466,I2047
869244044510497,J1933
869244044497208,I0722
869244044496952,J0813
868728039257941,J1232
869244042782528,J0591
869244044489049,I1089
869244042811780,I1311
869244044509994,J1341
869244042818256,J0377
868728039342461,J1488
868728039335325,J1804
869244044509903,J1030
869244044496606,I1112
869244044496333,I0937
869244044495434,I1060
869244044497281,J1965
868728039298275,J1224
869244044691032,J0799
869244044531493,J1347
868728039301954,J0075
869244044490559,I1627
869244044534679,I3366
869244042703904,I1665
869244042790778,J0476
868728039296964,J1641
868728039246456,I2035
869244044495806,I1096
869244044495186,J1399
869244042783591,J0051
868728039342248,J1427
869244042818165,J1542
869244044491896,K0279
869244044500951,I3362
869244042813281,I3327
869244042783708,I1347
869244044642225,J1530
869244044521130,J0564
868728039324790,J0044
869244044514929,J0690
868728039312035,J1121
869244042720825,J0940
869244044535163,I1979
869244044531022,I2943
869244044516643,J2057
868728039284507,J0215
869244042790760,J1612
869244042744742,J0650
869244044528622,J0134
869244044531055,I2970
868728039306425,I3310
869244042802334,J0007
869244044534422,J1958
869244044522906,I2915
869244042795975,I1181
868728039303356,J0746
868728039287328,J0955
869244044710253,I1062
868728039321770,I1028
869244044515868,I1647
868728039181596,J1855
869244044504995,J0372
868728039273807,J1863
869244044502197,J0477
869244042818363,J1058
869244042749527,J1808
869244044492480,J1124
869244044509796,J1285
869244042790653,J1631
868728039298945,I0766
869244044518359,I2919
358250330727453,J0119
869244042679419,J1906
869244044498396,J1229
869244044496499,J1907
869244044494585,J0568
868728039307456,J1049
869244044513129,I1669
869244042794705,I1373
869244044494395,I2932
868728039261141,J0797
869244044501918,I3399
869244042793699,J1202
869244044496366,J1431
869244044526923,I1689
869244042801104,I1667
868728039247868,I1699
868728039301293,K0009
868728039331886,J1034
869244044508293,J0728
868728039343261,J1486
868728039338022,J2014